index,cluster
0_CD8_NAIVE,8
1_CD8_NAIVE,8
2_CD8_NAIVE,8
3_CD8_NAIVE,8
4_CD8_NAIVE,8
5_CD8_NAIVE,8
6_CD8_NAIVE,8
7_CD8_NAIVE,8
8_CD8_NAIVE,8
9_CD8_NAIVE,8
10_CD8_NAIVE,8
11_CD8_NAIVE,8
12_CD8_NAIVE,8
13_CD8_NAIVE,8
14_CD8_NAIVE,8
15_CD8_NAIVE,8
16_CD8_NAIVE,8
17_CD8_NAIVE,8
18_CD8_NAIVE,8
19_CD8_NAIVE,8
20_CD8_NAIVE,8
21_CD8_NAIVE,8
22_CD8_NAIVE,8
23_CD8_NAIVE,8
24_CD8_NAIVE,8
25_CD8_NAIVE,8
26_CD8_NAIVE,8
27_CD8_NAIVE,8
28_CD8_NAIVE,8
29_CD8_NAIVE,8
30_CD8_NAIVE,8
31_CD8_NAIVE,8
32_CD8_NAIVE,8
33_CD8_NAIVE,8
34_CD8_NAIVE,8
35_CD8_NAIVE,8
36_CD8_NAIVE,8
37_CD8_NAIVE,8
38_CD8_NAIVE,8
39_CD8_NAIVE,8
40_CD8_NAIVE,8
41_CD8_NAIVE,8
42_CD8_NAIVE,8
43_CD8_NAIVE,8
44_CD8_NAIVE,8
45_CD8_NAIVE,8
46_CD8_NAIVE,8
47_CD8_NAIVE,8
48_CD8_NAIVE,8
49_CD8_NAIVE,8
50_CD8_NAIVE,8
51_CD8_NAIVE,8
52_CD8_NAIVE,8
53_CD8_NAIVE,8
54_CD8_NAIVE,8
55_CD8_NAIVE,8
56_CD8_NAIVE,8
57_CD8_NAIVE,8
58_CD8_NAIVE,8
59_CD8_NAIVE,8
60_CD8_NAIVE,8
61_CD8_NAIVE,8
62_CD8_NAIVE,8
63_CD8_NAIVE,8
64_CD8_NAIVE,8
65_CD8_NAIVE,8
66_CD8_NAIVE,8
67_CD8_NAIVE,8
68_CD8_NAIVE,8
69_CD8_NAIVE,8
70_CD8_NAIVE,8
71_CD8_NAIVE,8
72_CD8_NAIVE,8
73_CD8_NAIVE,8
74_CD8_NAIVE,8
75_CD8_NAIVE,8
76_CD8_NAIVE,8
77_CD8_NAIVE,8
78_CD8_NAIVE,8
79_CD8_NAIVE,8
80_CD8_NAIVE,8
81_CD8_NAIVE,8
82_CD8_NAIVE,8
83_CD8_NAIVE,8
84_CD8_NAIVE,8
85_CD8_NAIVE,8
86_CD8_NAIVE,8
87_CD8_NAIVE,8
88_CD8_NAIVE,8
89_CD8_NAIVE,8
90_CD8_NAIVE,8
91_CD8_NAIVE,8
92_CD8_NAIVE,8
93_CD8_NAIVE,8
94_CD8_NAIVE,8
95_CD8_NAIVE,8
96_CD8_NAIVE,8
97_CD8_NAIVE,8
98_CD8_NAIVE,8
99_CD8_NAIVE,8
100_CD8_NAIVE,8
101_CD8_NAIVE,8
102_CD8_NAIVE,8
103_CD8_NAIVE,8
104_CD8_NAIVE,8
105_CD8_NAIVE,8
106_CD8_NAIVE,8
107_CD8_NAIVE,8
108_CD8_NAIVE,8
109_CD8_NAIVE,8
110_CD8_NAIVE,8
111_CD8_NAIVE,8
112_CD8_NAIVE,8
113_CD8_NAIVE,8
114_CD8_NAIVE,8
115_CD8_NAIVE,8
116_CD8_NAIVE,8
117_CD8_NAIVE,8
118_CD8_NAIVE,8
119_CD8_NAIVE,8
120_CD8_NAIVE,8
121_CD8_NAIVE,8
122_CD8_NAIVE,8
123_CD8_NAIVE,8
124_CD8_NAIVE,8
125_CD8_NAIVE,8
126_CD8_NAIVE,8
127_CD8_NAIVE,8
128_CD8_NAIVE,8
129_CD8_NAIVE,8
130_CD8_NAIVE,8
131_CD8_NAIVE,8
132_CD8_NAIVE,8
133_CD8_NAIVE,8
134_CD8_NAIVE,8
135_CD8_NAIVE,8
136_CD8_NAIVE,8
137_CD8_NAIVE,8
138_CD8_NAIVE,8
139_CD8_NAIVE,8
140_CD8_NAIVE,8
141_CD8_NAIVE,8
142_CD8_NAIVE,8
143_CD8_NAIVE,8
144_CD8_NAIVE,8
145_CD8_NAIVE,8
146_CD8_NAIVE,8
147_CD8_NAIVE,8
148_CD8_NAIVE,8
149_CD8_NAIVE,8
150_CD8_NAIVE,8
151_CD8_NAIVE,8
152_CD8_NAIVE,8
153_CD8_NAIVE,8
154_CD8_NAIVE,8
155_CD8_NAIVE,8
156_CD8_NAIVE,8
157_CD8_NAIVE,8
158_CD8_NAIVE,8
159_CD8_NAIVE,8
160_CD8_NAIVE,8
161_CD8_NAIVE,8
162_CD8_NAIVE,8
163_CD8_NAIVE,8
164_CD8_NAIVE,8
165_CD8_NAIVE,8
166_CD8_NAIVE,8
167_CD8_NAIVE,8
168_CD8_NAIVE,8
169_CD8_NAIVE,8
170_CD8_NAIVE,8
171_CD8_NAIVE,8
172_CD8_NAIVE,8
173_CD8_NAIVE,8
174_CD8_NAIVE,8
175_CD8_NAIVE,8
176_CD8_NAIVE,8
177_CD8_NAIVE,8
178_CD8_NAIVE,8
179_CD8_NAIVE,8
180_CD8_NAIVE,8
181_CD8_NAIVE,8
182_CD8_NAIVE,8
183_CD8_NAIVE,8
184_CD8_NAIVE,8
185_CD8_NAIVE,8
186_CD8_NAIVE,8
187_CD8_NAIVE,8
188_CD8_NAIVE,8
189_CD8_NAIVE,8
190_CD8_NAIVE,8
191_CD8_NAIVE,8
192_CD8_NAIVE,8
193_CD8_NAIVE,8
194_CD8_NAIVE,8
195_CD8_NAIVE,8
196_CD8_NAIVE,8
197_CD8_NAIVE,8
198_CD8_NAIVE,8
199_CD8_NAIVE,8
200_CD8_NAIVE,8
201_CD8_NAIVE,8
202_CD8_NAIVE,8
203_CD8_NAIVE,8
204_CD8_NAIVE,8
205_CD8_NAIVE,8
206_CD8_NAIVE,8
207_CD8_NAIVE,8
208_CD8_NAIVE,8
209_CD8_NAIVE,8
210_CD8_NAIVE,8
211_CD8_NAIVE,8
212_CD8_NAIVE,8
213_CD8_NAIVE,8
214_CD8_NAIVE,8
215_CD8_NAIVE,8
216_CD8_NAIVE,8
217_CD8_NAIVE,8
218_CD8_NAIVE,8
219_CD8_NAIVE,8
220_CD8_NAIVE,8
221_CD8_NAIVE,8
222_CD8_NAIVE,8
223_CD8_NAIVE,8
224_CD8_NAIVE,8
225_CD8_NAIVE,8
226_CD8_NAIVE,8
227_CD8_NAIVE,8
228_CD8_NAIVE,8
229_CD8_NAIVE,8
230_CD8_NAIVE,8
231_CD8_NAIVE,8
232_CD8_NAIVE,8
233_CD8_NAIVE,8
234_CD8_NAIVE,8
235_CD8_NAIVE,8
236_CD8_NAIVE,8
237_CD8_NAIVE,8
238_CD8_NAIVE,8
239_CD8_NAIVE,8
240_CD8_NAIVE,8
241_CD8_NAIVE,8
242_CD8_NAIVE,8
243_CD8_NAIVE,8
244_CD8_NAIVE,8
245_CD8_NAIVE,8
246_CD8_NAIVE,8
247_CD8_NAIVE,8
248_CD8_NAIVE,8
249_CD8_NAIVE,8
0_TREG_NAIVE,2
1_TREG_NAIVE,2
2_TREG_NAIVE,2
3_TREG_NAIVE,2
4_TREG_NAIVE,2
5_TREG_NAIVE,2
6_TREG_NAIVE,2
7_TREG_NAIVE,2
8_TREG_NAIVE,2
9_TREG_NAIVE,2
10_TREG_NAIVE,2
11_TREG_NAIVE,2
12_TREG_NAIVE,2
13_TREG_NAIVE,2
14_TREG_NAIVE,2
15_TREG_NAIVE,2
16_TREG_NAIVE,2
17_TREG_NAIVE,2
18_TREG_NAIVE,2
19_TREG_NAIVE,2
20_TREG_NAIVE,2
21_TREG_NAIVE,2
22_TREG_NAIVE,2
23_TREG_NAIVE,2
24_TREG_NAIVE,2
25_TREG_NAIVE,2
26_TREG_NAIVE,2
27_TREG_NAIVE,2
28_TREG_NAIVE,2
29_TREG_NAIVE,2
30_TREG_NAIVE,2
31_TREG_NAIVE,2
32_TREG_NAIVE,2
33_TREG_NAIVE,2
34_TREG_NAIVE,2
35_TREG_NAIVE,2
36_TREG_NAIVE,2
37_TREG_NAIVE,2
38_TREG_NAIVE,2
39_TREG_NAIVE,2
40_TREG_NAIVE,2
41_TREG_NAIVE,2
42_TREG_NAIVE,2
43_TREG_NAIVE,2
44_TREG_NAIVE,2
45_TREG_NAIVE,2
46_TREG_NAIVE,2
47_TREG_NAIVE,2
48_TREG_NAIVE,2
49_TREG_NAIVE,2
50_TREG_NAIVE,2
51_TREG_NAIVE,2
52_TREG_NAIVE,2
53_TREG_NAIVE,2
54_TREG_NAIVE,2
55_TREG_NAIVE,2
56_TREG_NAIVE,2
57_TREG_NAIVE,2
58_TREG_NAIVE,2
59_TREG_NAIVE,2
60_TREG_NAIVE,2
61_TREG_NAIVE,2
62_TREG_NAIVE,2
63_TREG_NAIVE,2
64_TREG_NAIVE,2
65_TREG_NAIVE,2
66_TREG_NAIVE,2
67_TREG_NAIVE,2
68_TREG_NAIVE,2
69_TREG_NAIVE,2
70_TREG_NAIVE,2
71_TREG_NAIVE,2
72_TREG_NAIVE,2
73_TREG_NAIVE,2
74_TREG_NAIVE,2
75_TREG_NAIVE,2
76_TREG_NAIVE,2
77_TREG_NAIVE,2
78_TREG_NAIVE,2
79_TREG_NAIVE,2
80_TREG_NAIVE,2
81_TREG_NAIVE,2
82_TREG_NAIVE,2
83_TREG_NAIVE,2
84_TREG_NAIVE,2
85_TREG_NAIVE,2
86_TREG_NAIVE,2
87_TREG_NAIVE,2
88_TREG_NAIVE,2
89_TREG_NAIVE,2
90_TREG_NAIVE,2
91_TREG_NAIVE,2
92_TREG_NAIVE,2
93_TREG_NAIVE,2
94_TREG_NAIVE,2
95_TREG_NAIVE,2
96_TREG_NAIVE,2
97_TREG_NAIVE,2
98_TREG_NAIVE,2
99_TREG_NAIVE,2
100_TREG_NAIVE,2
101_TREG_NAIVE,2
102_TREG_NAIVE,2
103_TREG_NAIVE,2
104_TREG_NAIVE,2
105_TREG_NAIVE,2
106_TREG_NAIVE,2
107_TREG_NAIVE,2
108_TREG_NAIVE,2
109_TREG_NAIVE,2
110_TREG_NAIVE,2
111_TREG_NAIVE,2
112_TREG_NAIVE,2
113_TREG_NAIVE,2
114_TREG_NAIVE,2
115_TREG_NAIVE,2
116_TREG_NAIVE,2
117_TREG_NAIVE,2
118_TREG_NAIVE,2
119_TREG_NAIVE,2
120_TREG_NAIVE,2
121_TREG_NAIVE,2
122_TREG_NAIVE,2
123_TREG_NAIVE,2
124_TREG_NAIVE,2
125_TREG_NAIVE,2
126_TREG_NAIVE,2
127_TREG_NAIVE,2
128_TREG_NAIVE,2
129_TREG_NAIVE,2
130_TREG_NAIVE,2
131_TREG_NAIVE,2
132_TREG_NAIVE,2
133_TREG_NAIVE,2
134_TREG_NAIVE,2
135_TREG_NAIVE,2
136_TREG_NAIVE,2
137_TREG_NAIVE,2
138_TREG_NAIVE,2
139_TREG_NAIVE,2
140_TREG_NAIVE,2
141_TREG_NAIVE,2
142_TREG_NAIVE,2
143_TREG_NAIVE,2
144_TREG_NAIVE,2
145_TREG_NAIVE,2
146_TREG_NAIVE,2
147_TREG_NAIVE,2
148_TREG_NAIVE,2
149_TREG_NAIVE,2
150_TREG_NAIVE,2
151_TREG_NAIVE,2
152_TREG_NAIVE,2
153_TREG_NAIVE,2
154_TREG_NAIVE,2
155_TREG_NAIVE,2
156_TREG_NAIVE,2
157_TREG_NAIVE,2
158_TREG_NAIVE,2
159_TREG_NAIVE,2
160_TREG_NAIVE,2
161_TREG_NAIVE,2
162_TREG_NAIVE,2
163_TREG_NAIVE,2
164_TREG_NAIVE,2
165_TREG_NAIVE,2
166_TREG_NAIVE,2
167_TREG_NAIVE,2
168_TREG_NAIVE,2
169_TREG_NAIVE,2
170_TREG_NAIVE,2
171_TREG_NAIVE,2
172_TREG_NAIVE,2
173_TREG_NAIVE,2
174_TREG_NAIVE,2
175_TREG_NAIVE,2
176_TREG_NAIVE,2
177_TREG_NAIVE,2
178_TREG_NAIVE,2
179_TREG_NAIVE,2
180_TREG_NAIVE,2
181_TREG_NAIVE,2
182_TREG_NAIVE,2
183_TREG_NAIVE,2
184_TREG_NAIVE,2
185_TREG_NAIVE,2
186_TREG_NAIVE,2
187_TREG_NAIVE,2
188_TREG_NAIVE,2
189_TREG_NAIVE,2
190_TREG_NAIVE,2
191_TREG_NAIVE,2
192_TREG_NAIVE,2
193_TREG_NAIVE,2
194_TREG_NAIVE,2
195_TREG_NAIVE,2
196_TREG_NAIVE,2
197_TREG_NAIVE,2
198_TREG_NAIVE,2
199_TREG_NAIVE,2
200_TREG_NAIVE,2
201_TREG_NAIVE,2
202_TREG_NAIVE,2
203_TREG_NAIVE,2
204_TREG_NAIVE,2
205_TREG_NAIVE,2
206_TREG_NAIVE,2
207_TREG_NAIVE,2
208_TREG_NAIVE,2
209_TREG_NAIVE,2
210_TREG_NAIVE,2
211_TREG_NAIVE,2
212_TREG_NAIVE,2
213_TREG_NAIVE,2
214_TREG_NAIVE,2
215_TREG_NAIVE,2
216_TREG_NAIVE,2
217_TREG_NAIVE,2
218_TREG_NAIVE,2
219_TREG_NAIVE,2
220_TREG_NAIVE,2
221_TREG_NAIVE,2
222_TREG_NAIVE,2
223_TREG_NAIVE,2
224_TREG_NAIVE,2
225_TREG_NAIVE,2
226_TREG_NAIVE,2
227_TREG_NAIVE,2
228_TREG_NAIVE,2
229_TREG_NAIVE,2
230_TREG_NAIVE,2
231_TREG_NAIVE,2
232_TREG_NAIVE,2
233_TREG_NAIVE,2
234_TREG_NAIVE,2
235_TREG_NAIVE,2
236_TREG_NAIVE,2
237_TREG_NAIVE,2
238_TREG_NAIVE,2
239_TREG_NAIVE,2
240_TREG_NAIVE,2
241_TREG_NAIVE,2
242_TREG_NAIVE,2
243_TREG_NAIVE,2
244_TREG_NAIVE,2
245_TREG_NAIVE,2
246_TREG_NAIVE,2
247_TREG_NAIVE,2
248_TREG_NAIVE,2
249_TREG_NAIVE,2
0_M2,3
1_M2,3
2_M2,3
3_M2,3
4_M2,3
5_M2,3
6_M2,3
7_M2,3
8_M2,3
9_M2,3
10_M2,3
11_M2,3
12_M2,3
13_M2,3
14_M2,3
15_M2,3
16_M2,3
17_M2,3
18_M2,3
19_M2,3
20_M2,3
21_M2,3
22_M2,3
23_M2,3
24_M2,3
25_M2,3
26_M2,3
27_M2,3
28_M2,3
29_M2,3
30_M2,3
31_M2,3
32_M2,3
33_M2,3
34_M2,3
35_M2,3
36_M2,3
37_M2,3
38_M2,3
39_M2,3
40_M2,3
41_M2,3
42_M2,3
43_M2,3
44_M2,3
45_M2,3
46_M2,3
47_M2,3
48_M2,3
49_M2,3
50_M2,3
51_M2,3
52_M2,3
53_M2,3
54_M2,3
55_M2,3
56_M2,3
57_M2,3
58_M2,3
59_M2,3
60_M2,3
61_M2,3
62_M2,3
63_M2,3
64_M2,3
65_M2,3
66_M2,3
67_M2,3
68_M2,3
69_M2,3
70_M2,3
71_M2,3
72_M2,3
73_M2,3
74_M2,3
75_M2,3
76_M2,3
77_M2,3
78_M2,3
79_M2,3
80_M2,3
81_M2,3
82_M2,3
83_M2,3
84_M2,3
85_M2,3
86_M2,3
87_M2,3
88_M2,3
89_M2,3
90_M2,3
91_M2,3
92_M2,3
93_M2,3
94_M2,3
95_M2,3
96_M2,3
97_M2,3
98_M2,3
99_M2,3
100_M2,3
101_M2,3
102_M2,3
103_M2,3
104_M2,3
105_M2,3
106_M2,3
107_M2,3
108_M2,3
109_M2,3
110_M2,3
111_M2,3
112_M2,3
113_M2,3
114_M2,3
115_M2,3
116_M2,3
117_M2,3
118_M2,3
119_M2,3
120_M2,3
121_M2,3
122_M2,3
123_M2,3
124_M2,3
125_M2,3
126_M2,3
127_M2,3
128_M2,3
129_M2,3
130_M2,3
131_M2,3
132_M2,3
133_M2,3
134_M2,3
135_M2,3
136_M2,3
137_M2,3
138_M2,3
139_M2,3
140_M2,3
141_M2,3
142_M2,3
143_M2,3
144_M2,3
145_M2,3
146_M2,3
147_M2,3
148_M2,3
149_M2,3
150_M2,3
151_M2,3
152_M2,3
153_M2,3
154_M2,3
155_M2,3
156_M2,3
157_M2,3
158_M2,3
159_M2,3
160_M2,3
161_M2,3
162_M2,3
163_M2,3
164_M2,3
165_M2,3
166_M2,3
167_M2,3
168_M2,3
169_M2,3
170_M2,3
171_M2,3
172_M2,3
173_M2,3
174_M2,3
175_M2,3
176_M2,3
177_M2,3
178_M2,3
179_M2,3
180_M2,3
181_M2,3
182_M2,3
183_M2,3
184_M2,3
185_M2,3
186_M2,3
187_M2,3
188_M2,3
189_M2,3
190_M2,3
191_M2,3
192_M2,3
193_M2,3
194_M2,3
195_M2,3
196_M2,3
197_M2,3
198_M2,3
199_M2,3
200_M2,3
201_M2,3
202_M2,3
203_M2,3
204_M2,3
205_M2,3
206_M2,3
207_M2,3
208_M2,3
209_M2,3
210_M2,3
211_M2,3
212_M2,3
213_M2,3
214_M2,3
215_M2,3
216_M2,3
217_M2,3
218_M2,3
219_M2,3
220_M2,3
221_M2,3
222_M2,3
223_M2,3
224_M2,3
225_M2,3
226_M2,3
227_M2,3
228_M2,3
229_M2,3
230_M2,3
231_M2,3
232_M2,3
233_M2,3
234_M2,3
235_M2,3
236_M2,3
237_M2,3
238_M2,3
239_M2,3
240_M2,3
241_M2,3
242_M2,3
243_M2,3
244_M2,3
245_M2,3
246_M2,3
247_M2,3
248_M2,3
249_M2,3
0_CD4_NAIVE,9
1_CD4_NAIVE,9
2_CD4_NAIVE,9
3_CD4_NAIVE,9
4_CD4_NAIVE,9
5_CD4_NAIVE,9
6_CD4_NAIVE,9
7_CD4_NAIVE,9
8_CD4_NAIVE,9
9_CD4_NAIVE,9
10_CD4_NAIVE,9
11_CD4_NAIVE,9
12_CD4_NAIVE,9
13_CD4_NAIVE,9
14_CD4_NAIVE,9
15_CD4_NAIVE,9
16_CD4_NAIVE,9
17_CD4_NAIVE,9
18_CD4_NAIVE,9
19_CD4_NAIVE,9
20_CD4_NAIVE,9
21_CD4_NAIVE,9
22_CD4_NAIVE,9
23_CD4_NAIVE,9
24_CD4_NAIVE,9
25_CD4_NAIVE,9
26_CD4_NAIVE,9
27_CD4_NAIVE,9
28_CD4_NAIVE,9
29_CD4_NAIVE,9
30_CD4_NAIVE,9
31_CD4_NAIVE,9
32_CD4_NAIVE,9
33_CD4_NAIVE,9
34_CD4_NAIVE,9
35_CD4_NAIVE,9
36_CD4_NAIVE,9
37_CD4_NAIVE,9
38_CD4_NAIVE,9
39_CD4_NAIVE,9
40_CD4_NAIVE,9
41_CD4_NAIVE,9
42_CD4_NAIVE,9
43_CD4_NAIVE,9
44_CD4_NAIVE,9
45_CD4_NAIVE,9
46_CD4_NAIVE,9
47_CD4_NAIVE,9
48_CD4_NAIVE,9
49_CD4_NAIVE,9
50_CD4_NAIVE,9
51_CD4_NAIVE,9
52_CD4_NAIVE,9
53_CD4_NAIVE,9
54_CD4_NAIVE,9
55_CD4_NAIVE,9
56_CD4_NAIVE,9
57_CD4_NAIVE,9
58_CD4_NAIVE,9
59_CD4_NAIVE,9
60_CD4_NAIVE,9
61_CD4_NAIVE,9
62_CD4_NAIVE,9
63_CD4_NAIVE,9
64_CD4_NAIVE,9
65_CD4_NAIVE,9
66_CD4_NAIVE,9
67_CD4_NAIVE,9
68_CD4_NAIVE,9
69_CD4_NAIVE,9
70_CD4_NAIVE,9
71_CD4_NAIVE,9
72_CD4_NAIVE,9
73_CD4_NAIVE,9
74_CD4_NAIVE,9
75_CD4_NAIVE,9
76_CD4_NAIVE,9
77_CD4_NAIVE,9
78_CD4_NAIVE,9
79_CD4_NAIVE,9
80_CD4_NAIVE,9
81_CD4_NAIVE,9
82_CD4_NAIVE,9
83_CD4_NAIVE,9
84_CD4_NAIVE,9
85_CD4_NAIVE,9
86_CD4_NAIVE,9
87_CD4_NAIVE,9
88_CD4_NAIVE,9
89_CD4_NAIVE,9
90_CD4_NAIVE,9
91_CD4_NAIVE,9
92_CD4_NAIVE,9
93_CD4_NAIVE,9
94_CD4_NAIVE,9
95_CD4_NAIVE,9
96_CD4_NAIVE,9
97_CD4_NAIVE,9
98_CD4_NAIVE,9
99_CD4_NAIVE,9
100_CD4_NAIVE,9
101_CD4_NAIVE,9
102_CD4_NAIVE,9
103_CD4_NAIVE,9
104_CD4_NAIVE,9
105_CD4_NAIVE,9
106_CD4_NAIVE,9
107_CD4_NAIVE,9
108_CD4_NAIVE,9
109_CD4_NAIVE,9
110_CD4_NAIVE,9
111_CD4_NAIVE,9
112_CD4_NAIVE,9
113_CD4_NAIVE,9
114_CD4_NAIVE,9
115_CD4_NAIVE,9
116_CD4_NAIVE,9
117_CD4_NAIVE,9
118_CD4_NAIVE,9
119_CD4_NAIVE,9
120_CD4_NAIVE,9
121_CD4_NAIVE,9
122_CD4_NAIVE,9
123_CD4_NAIVE,9
124_CD4_NAIVE,9
125_CD4_NAIVE,9
126_CD4_NAIVE,9
127_CD4_NAIVE,9
128_CD4_NAIVE,9
129_CD4_NAIVE,9
130_CD4_NAIVE,9
131_CD4_NAIVE,9
132_CD4_NAIVE,9
133_CD4_NAIVE,9
134_CD4_NAIVE,9
135_CD4_NAIVE,9
136_CD4_NAIVE,9
137_CD4_NAIVE,9
138_CD4_NAIVE,9
139_CD4_NAIVE,9
140_CD4_NAIVE,9
141_CD4_NAIVE,9
142_CD4_NAIVE,9
143_CD4_NAIVE,9
144_CD4_NAIVE,9
145_CD4_NAIVE,9
146_CD4_NAIVE,9
147_CD4_NAIVE,9
148_CD4_NAIVE,9
149_CD4_NAIVE,9
150_CD4_NAIVE,9
151_CD4_NAIVE,9
152_CD4_NAIVE,9
153_CD4_NAIVE,9
154_CD4_NAIVE,9
155_CD4_NAIVE,9
156_CD4_NAIVE,9
157_CD4_NAIVE,9
158_CD4_NAIVE,9
159_CD4_NAIVE,9
160_CD4_NAIVE,9
161_CD4_NAIVE,9
162_CD4_NAIVE,9
163_CD4_NAIVE,9
164_CD4_NAIVE,9
165_CD4_NAIVE,9
166_CD4_NAIVE,9
167_CD4_NAIVE,9
168_CD4_NAIVE,9
169_CD4_NAIVE,9
170_CD4_NAIVE,9
171_CD4_NAIVE,9
172_CD4_NAIVE,9
173_CD4_NAIVE,9
174_CD4_NAIVE,9
175_CD4_NAIVE,9
176_CD4_NAIVE,9
177_CD4_NAIVE,9
178_CD4_NAIVE,9
179_CD4_NAIVE,9
180_CD4_NAIVE,9
181_CD4_NAIVE,9
182_CD4_NAIVE,9
183_CD4_NAIVE,9
184_CD4_NAIVE,9
185_CD4_NAIVE,9
186_CD4_NAIVE,9
187_CD4_NAIVE,9
188_CD4_NAIVE,9
189_CD4_NAIVE,9
190_CD4_NAIVE,9
191_CD4_NAIVE,9
192_CD4_NAIVE,9
193_CD4_NAIVE,9
194_CD4_NAIVE,9
195_CD4_NAIVE,9
196_CD4_NAIVE,9
197_CD4_NAIVE,9
198_CD4_NAIVE,9
199_CD4_NAIVE,9
200_CD4_NAIVE,9
201_CD4_NAIVE,9
202_CD4_NAIVE,9
203_CD4_NAIVE,9
204_CD4_NAIVE,9
205_CD4_NAIVE,9
206_CD4_NAIVE,9
207_CD4_NAIVE,9
208_CD4_NAIVE,9
209_CD4_NAIVE,9
210_CD4_NAIVE,9
211_CD4_NAIVE,9
212_CD4_NAIVE,9
213_CD4_NAIVE,9
214_CD4_NAIVE,9
215_CD4_NAIVE,9
216_CD4_NAIVE,9
217_CD4_NAIVE,9
218_CD4_NAIVE,3
219_CD4_NAIVE,9
220_CD4_NAIVE,9
221_CD4_NAIVE,9
222_CD4_NAIVE,9
223_CD4_NAIVE,9
224_CD4_NAIVE,9
225_CD4_NAIVE,9
226_CD4_NAIVE,9
227_CD4_NAIVE,9
228_CD4_NAIVE,9
229_CD4_NAIVE,9
230_CD4_NAIVE,9
231_CD4_NAIVE,9
232_CD4_NAIVE,9
233_CD4_NAIVE,9
234_CD4_NAIVE,9
235_CD4_NAIVE,9
236_CD4_NAIVE,9
237_CD4_NAIVE,9
238_CD4_NAIVE,9
239_CD4_NAIVE,9
240_CD4_NAIVE,9
241_CD4_NAIVE,9
242_CD4_NAIVE,9
243_CD4_NAIVE,9
244_CD4_NAIVE,9
245_CD4_NAIVE,9
246_CD4_NAIVE,9
247_CD4_NAIVE,9
248_CD4_NAIVE,9
249_CD4_NAIVE,9
0_NK,4
1_NK,4
2_NK,4
3_NK,4
4_NK,4
5_NK,4
6_NK,4
7_NK,4
8_NK,4
9_NK,4
10_NK,4
11_NK,4
12_NK,4
13_NK,4
14_NK,4
15_NK,4
16_NK,4
17_NK,4
18_NK,4
19_NK,4
20_NK,4
21_NK,4
22_NK,4
23_NK,4
24_NK,4
25_NK,4
26_NK,4
27_NK,4
28_NK,4
29_NK,4
30_NK,4
31_NK,4
32_NK,4
33_NK,4
34_NK,4
35_NK,4
36_NK,4
37_NK,4
38_NK,4
39_NK,4
40_NK,4
41_NK,4
42_NK,4
43_NK,4
44_NK,4
45_NK,4
46_NK,4
47_NK,4
48_NK,4
49_NK,4
50_NK,4
51_NK,4
52_NK,4
53_NK,4
54_NK,4
55_NK,4
56_NK,4
57_NK,4
58_NK,4
59_NK,4
60_NK,4
61_NK,4
62_NK,4
63_NK,4
64_NK,4
65_NK,4
66_NK,4
67_NK,4
68_NK,4
69_NK,4
70_NK,4
71_NK,4
72_NK,4
73_NK,4
74_NK,4
75_NK,4
76_NK,4
77_NK,4
78_NK,4
79_NK,4
80_NK,4
81_NK,4
82_NK,4
83_NK,4
84_NK,4
85_NK,4
86_NK,4
87_NK,4
88_NK,4
89_NK,4
90_NK,4
91_NK,4
92_NK,4
93_NK,4
94_NK,4
95_NK,4
96_NK,4
97_NK,4
98_NK,4
99_NK,4
100_NK,4
101_NK,4
102_NK,4
103_NK,4
104_NK,4
105_NK,4
106_NK,4
107_NK,4
108_NK,4
109_NK,4
110_NK,4
111_NK,4
112_NK,4
113_NK,4
114_NK,4
115_NK,4
116_NK,4
117_NK,4
118_NK,4
119_NK,4
120_NK,4
121_NK,4
122_NK,4
123_NK,4
124_NK,4
125_NK,4
126_NK,4
127_NK,4
128_NK,4
129_NK,4
130_NK,4
131_NK,4
132_NK,4
133_NK,4
134_NK,4
135_NK,4
136_NK,4
137_NK,4
138_NK,4
139_NK,4
140_NK,4
141_NK,4
142_NK,4
143_NK,4
144_NK,4
145_NK,4
146_NK,4
147_NK,4
148_NK,4
149_NK,4
150_NK,4
151_NK,4
152_NK,4
153_NK,4
154_NK,4
155_NK,4
156_NK,4
157_NK,4
158_NK,4
159_NK,4
160_NK,4
161_NK,4
162_NK,4
163_NK,4
164_NK,4
165_NK,4
166_NK,4
167_NK,4
168_NK,4
169_NK,4
170_NK,4
171_NK,4
172_NK,4
173_NK,4
174_NK,4
175_NK,4
176_NK,4
177_NK,4
178_NK,4
179_NK,4
180_NK,4
181_NK,4
182_NK,4
183_NK,4
184_NK,4
185_NK,4
186_NK,4
187_NK,4
188_NK,4
189_NK,4
190_NK,4
191_NK,4
192_NK,4
193_NK,4
194_NK,4
195_NK,4
196_NK,4
197_NK,4
198_NK,4
199_NK,4
200_NK,4
201_NK,4
202_NK,4
203_NK,4
204_NK,4
205_NK,4
206_NK,4
207_NK,4
208_NK,4
209_NK,4
210_NK,4
211_NK,4
212_NK,4
213_NK,4
214_NK,4
215_NK,4
216_NK,4
217_NK,4
218_NK,4
219_NK,4
220_NK,4
221_NK,4
222_NK,4
223_NK,4
224_NK,4
225_NK,4
226_NK,4
227_NK,4
228_NK,4
229_NK,4
230_NK,4
231_NK,4
232_NK,4
233_NK,4
234_NK,4
235_NK,4
236_NK,4
237_NK,4
238_NK,4
239_NK,4
240_NK,4
241_NK,4
242_NK,4
243_NK,4
244_NK,4
245_NK,4
246_NK,4
247_NK,4
248_NK,4
249_NK,4
0_B_CELL_NAIVE,6
1_B_CELL_NAIVE,6
2_B_CELL_NAIVE,6
3_B_CELL_NAIVE,6
4_B_CELL_NAIVE,6
5_B_CELL_NAIVE,6
6_B_CELL_NAIVE,6
7_B_CELL_NAIVE,6
8_B_CELL_NAIVE,6
9_B_CELL_NAIVE,6
10_B_CELL_NAIVE,6
11_B_CELL_NAIVE,6
12_B_CELL_NAIVE,6
13_B_CELL_NAIVE,6
14_B_CELL_NAIVE,6
15_B_CELL_NAIVE,6
16_B_CELL_NAIVE,6
17_B_CELL_NAIVE,6
18_B_CELL_NAIVE,6
19_B_CELL_NAIVE,6
20_B_CELL_NAIVE,6
21_B_CELL_NAIVE,6
22_B_CELL_NAIVE,6
23_B_CELL_NAIVE,6
24_B_CELL_NAIVE,6
25_B_CELL_NAIVE,6
26_B_CELL_NAIVE,6
27_B_CELL_NAIVE,6
28_B_CELL_NAIVE,6
29_B_CELL_NAIVE,6
30_B_CELL_NAIVE,6
31_B_CELL_NAIVE,6
32_B_CELL_NAIVE,6
33_B_CELL_NAIVE,6
34_B_CELL_NAIVE,6
35_B_CELL_NAIVE,6
36_B_CELL_NAIVE,6
37_B_CELL_NAIVE,6
38_B_CELL_NAIVE,6
39_B_CELL_NAIVE,6
40_B_CELL_NAIVE,6
41_B_CELL_NAIVE,6
42_B_CELL_NAIVE,6
43_B_CELL_NAIVE,6
44_B_CELL_NAIVE,6
45_B_CELL_NAIVE,6
46_B_CELL_NAIVE,6
47_B_CELL_NAIVE,6
48_B_CELL_NAIVE,6
49_B_CELL_NAIVE,6
50_B_CELL_NAIVE,6
51_B_CELL_NAIVE,6
52_B_CELL_NAIVE,6
53_B_CELL_NAIVE,6
54_B_CELL_NAIVE,6
55_B_CELL_NAIVE,6
56_B_CELL_NAIVE,6
57_B_CELL_NAIVE,6
58_B_CELL_NAIVE,6
59_B_CELL_NAIVE,6
60_B_CELL_NAIVE,6
61_B_CELL_NAIVE,6
62_B_CELL_NAIVE,6
63_B_CELL_NAIVE,6
64_B_CELL_NAIVE,6
65_B_CELL_NAIVE,6
66_B_CELL_NAIVE,6
67_B_CELL_NAIVE,6
68_B_CELL_NAIVE,6
69_B_CELL_NAIVE,6
70_B_CELL_NAIVE,6
71_B_CELL_NAIVE,6
72_B_CELL_NAIVE,6
73_B_CELL_NAIVE,6
74_B_CELL_NAIVE,6
75_B_CELL_NAIVE,6
76_B_CELL_NAIVE,6
77_B_CELL_NAIVE,6
78_B_CELL_NAIVE,6
79_B_CELL_NAIVE,6
80_B_CELL_NAIVE,6
81_B_CELL_NAIVE,6
82_B_CELL_NAIVE,6
83_B_CELL_NAIVE,6
84_B_CELL_NAIVE,6
85_B_CELL_NAIVE,6
86_B_CELL_NAIVE,6
87_B_CELL_NAIVE,6
88_B_CELL_NAIVE,6
89_B_CELL_NAIVE,6
90_B_CELL_NAIVE,6
91_B_CELL_NAIVE,6
92_B_CELL_NAIVE,6
93_B_CELL_NAIVE,6
94_B_CELL_NAIVE,6
95_B_CELL_NAIVE,6
96_B_CELL_NAIVE,6
97_B_CELL_NAIVE,6
98_B_CELL_NAIVE,6
99_B_CELL_NAIVE,6
100_B_CELL_NAIVE,6
101_B_CELL_NAIVE,6
102_B_CELL_NAIVE,6
103_B_CELL_NAIVE,6
104_B_CELL_NAIVE,6
105_B_CELL_NAIVE,6
106_B_CELL_NAIVE,6
107_B_CELL_NAIVE,6
108_B_CELL_NAIVE,6
109_B_CELL_NAIVE,6
110_B_CELL_NAIVE,6
111_B_CELL_NAIVE,6
112_B_CELL_NAIVE,6
113_B_CELL_NAIVE,6
114_B_CELL_NAIVE,6
115_B_CELL_NAIVE,6
116_B_CELL_NAIVE,6
117_B_CELL_NAIVE,6
118_B_CELL_NAIVE,6
119_B_CELL_NAIVE,6
120_B_CELL_NAIVE,6
121_B_CELL_NAIVE,6
122_B_CELL_NAIVE,6
123_B_CELL_NAIVE,6
124_B_CELL_NAIVE,6
125_B_CELL_NAIVE,6
126_B_CELL_NAIVE,6
127_B_CELL_NAIVE,6
128_B_CELL_NAIVE,6
129_B_CELL_NAIVE,6
130_B_CELL_NAIVE,6
131_B_CELL_NAIVE,6
132_B_CELL_NAIVE,6
133_B_CELL_NAIVE,6
134_B_CELL_NAIVE,6
135_B_CELL_NAIVE,6
136_B_CELL_NAIVE,6
137_B_CELL_NAIVE,6
138_B_CELL_NAIVE,6
139_B_CELL_NAIVE,6
140_B_CELL_NAIVE,6
141_B_CELL_NAIVE,6
142_B_CELL_NAIVE,6
143_B_CELL_NAIVE,6
144_B_CELL_NAIVE,6
145_B_CELL_NAIVE,6
146_B_CELL_NAIVE,6
147_B_CELL_NAIVE,6
148_B_CELL_NAIVE,6
149_B_CELL_NAIVE,6
150_B_CELL_NAIVE,6
151_B_CELL_NAIVE,6
152_B_CELL_NAIVE,6
153_B_CELL_NAIVE,6
154_B_CELL_NAIVE,6
155_B_CELL_NAIVE,6
156_B_CELL_NAIVE,6
157_B_CELL_NAIVE,6
158_B_CELL_NAIVE,6
159_B_CELL_NAIVE,6
160_B_CELL_NAIVE,6
161_B_CELL_NAIVE,6
162_B_CELL_NAIVE,6
163_B_CELL_NAIVE,6
164_B_CELL_NAIVE,6
165_B_CELL_NAIVE,6
166_B_CELL_NAIVE,6
167_B_CELL_NAIVE,6
168_B_CELL_NAIVE,6
169_B_CELL_NAIVE,6
170_B_CELL_NAIVE,6
171_B_CELL_NAIVE,6
172_B_CELL_NAIVE,6
173_B_CELL_NAIVE,6
174_B_CELL_NAIVE,6
175_B_CELL_NAIVE,6
176_B_CELL_NAIVE,6
177_B_CELL_NAIVE,6
178_B_CELL_NAIVE,6
179_B_CELL_NAIVE,6
180_B_CELL_NAIVE,6
181_B_CELL_NAIVE,6
182_B_CELL_NAIVE,6
183_B_CELL_NAIVE,6
184_B_CELL_NAIVE,6
185_B_CELL_NAIVE,6
186_B_CELL_NAIVE,6
187_B_CELL_NAIVE,6
188_B_CELL_NAIVE,6
189_B_CELL_NAIVE,6
190_B_CELL_NAIVE,6
191_B_CELL_NAIVE,6
192_B_CELL_NAIVE,6
193_B_CELL_NAIVE,6
194_B_CELL_NAIVE,6
195_B_CELL_NAIVE,6
196_B_CELL_NAIVE,6
197_B_CELL_NAIVE,6
198_B_CELL_NAIVE,6
199_B_CELL_NAIVE,6
200_B_CELL_NAIVE,6
201_B_CELL_NAIVE,6
202_B_CELL_NAIVE,6
203_B_CELL_NAIVE,6
204_B_CELL_NAIVE,6
205_B_CELL_NAIVE,6
206_B_CELL_NAIVE,6
207_B_CELL_NAIVE,6
208_B_CELL_NAIVE,6
209_B_CELL_NAIVE,6
210_B_CELL_NAIVE,6
211_B_CELL_NAIVE,6
212_B_CELL_NAIVE,6
213_B_CELL_NAIVE,6
214_B_CELL_NAIVE,6
215_B_CELL_NAIVE,6
216_B_CELL_NAIVE,6
217_B_CELL_NAIVE,6
218_B_CELL_NAIVE,6
219_B_CELL_NAIVE,6
220_B_CELL_NAIVE,6
221_B_CELL_NAIVE,6
222_B_CELL_NAIVE,6
223_B_CELL_NAIVE,6
224_B_CELL_NAIVE,6
225_B_CELL_NAIVE,6
226_B_CELL_NAIVE,6
227_B_CELL_NAIVE,6
228_B_CELL_NAIVE,6
229_B_CELL_NAIVE,6
230_B_CELL_NAIVE,6
231_B_CELL_NAIVE,6
232_B_CELL_NAIVE,6
233_B_CELL_NAIVE,6
234_B_CELL_NAIVE,6
235_B_CELL_NAIVE,6
236_B_CELL_NAIVE,6
237_B_CELL_NAIVE,6
238_B_CELL_NAIVE,6
239_B_CELL_NAIVE,6
240_B_CELL_NAIVE,6
241_B_CELL_NAIVE,6
242_B_CELL_NAIVE,6
243_B_CELL_NAIVE,6
244_B_CELL_NAIVE,6
245_B_CELL_NAIVE,6
246_B_CELL_NAIVE,6
247_B_CELL_NAIVE,6
248_B_CELL_NAIVE,6
249_B_CELL_NAIVE,6
0_TREG_MEM,7
1_TREG_MEM,7
2_TREG_MEM,7
3_TREG_MEM,7
4_TREG_MEM,7
5_TREG_MEM,7
6_TREG_MEM,7
7_TREG_MEM,7
8_TREG_MEM,7
9_TREG_MEM,7
10_TREG_MEM,7
11_TREG_MEM,7
12_TREG_MEM,7
13_TREG_MEM,7
14_TREG_MEM,7
15_TREG_MEM,7
16_TREG_MEM,7
17_TREG_MEM,7
18_TREG_MEM,7
19_TREG_MEM,7
20_TREG_MEM,7
21_TREG_MEM,7
22_TREG_MEM,7
23_TREG_MEM,7
24_TREG_MEM,7
25_TREG_MEM,7
26_TREG_MEM,7
27_TREG_MEM,7
28_TREG_MEM,7
29_TREG_MEM,7
30_TREG_MEM,7
31_TREG_MEM,7
32_TREG_MEM,7
33_TREG_MEM,7
34_TREG_MEM,7
35_TREG_MEM,7
36_TREG_MEM,7
37_TREG_MEM,7
38_TREG_MEM,7
39_TREG_MEM,7
40_TREG_MEM,7
41_TREG_MEM,7
42_TREG_MEM,7
43_TREG_MEM,7
44_TREG_MEM,7
45_TREG_MEM,7
46_TREG_MEM,7
47_TREG_MEM,7
48_TREG_MEM,7
49_TREG_MEM,7
50_TREG_MEM,7
51_TREG_MEM,7
52_TREG_MEM,7
53_TREG_MEM,7
54_TREG_MEM,7
55_TREG_MEM,7
56_TREG_MEM,7
57_TREG_MEM,7
58_TREG_MEM,7
59_TREG_MEM,7
60_TREG_MEM,7
61_TREG_MEM,7
62_TREG_MEM,7
63_TREG_MEM,7
64_TREG_MEM,7
65_TREG_MEM,7
66_TREG_MEM,7
67_TREG_MEM,7
68_TREG_MEM,7
69_TREG_MEM,7
70_TREG_MEM,7
71_TREG_MEM,7
72_TREG_MEM,7
73_TREG_MEM,7
74_TREG_MEM,7
75_TREG_MEM,7
76_TREG_MEM,7
77_TREG_MEM,7
78_TREG_MEM,7
79_TREG_MEM,7
80_TREG_MEM,7
81_TREG_MEM,7
82_TREG_MEM,7
83_TREG_MEM,7
84_TREG_MEM,7
85_TREG_MEM,7
86_TREG_MEM,7
87_TREG_MEM,7
88_TREG_MEM,7
89_TREG_MEM,7
90_TREG_MEM,7
91_TREG_MEM,7
92_TREG_MEM,7
93_TREG_MEM,7
94_TREG_MEM,7
95_TREG_MEM,7
96_TREG_MEM,7
97_TREG_MEM,7
98_TREG_MEM,7
99_TREG_MEM,7
100_TREG_MEM,7
101_TREG_MEM,7
102_TREG_MEM,7
103_TREG_MEM,7
104_TREG_MEM,7
105_TREG_MEM,7
106_TREG_MEM,7
107_TREG_MEM,7
108_TREG_MEM,7
109_TREG_MEM,7
110_TREG_MEM,7
111_TREG_MEM,7
112_TREG_MEM,7
113_TREG_MEM,7
114_TREG_MEM,7
115_TREG_MEM,7
116_TREG_MEM,7
117_TREG_MEM,7
118_TREG_MEM,7
119_TREG_MEM,7
120_TREG_MEM,7
121_TREG_MEM,7
122_TREG_MEM,7
123_TREG_MEM,7
124_TREG_MEM,7
125_TREG_MEM,7
126_TREG_MEM,7
127_TREG_MEM,7
128_TREG_MEM,7
129_TREG_MEM,7
130_TREG_MEM,7
131_TREG_MEM,7
132_TREG_MEM,7
133_TREG_MEM,7
134_TREG_MEM,7
135_TREG_MEM,7
136_TREG_MEM,7
137_TREG_MEM,7
138_TREG_MEM,7
139_TREG_MEM,7
140_TREG_MEM,7
141_TREG_MEM,7
142_TREG_MEM,7
143_TREG_MEM,7
144_TREG_MEM,7
145_TREG_MEM,7
146_TREG_MEM,7
147_TREG_MEM,7
148_TREG_MEM,7
149_TREG_MEM,7
150_TREG_MEM,7
151_TREG_MEM,7
152_TREG_MEM,7
153_TREG_MEM,7
154_TREG_MEM,7
155_TREG_MEM,7
156_TREG_MEM,7
157_TREG_MEM,7
158_TREG_MEM,7
159_TREG_MEM,7
160_TREG_MEM,7
161_TREG_MEM,7
162_TREG_MEM,7
163_TREG_MEM,7
164_TREG_MEM,7
165_TREG_MEM,7
166_TREG_MEM,7
167_TREG_MEM,7
168_TREG_MEM,7
169_TREG_MEM,7
170_TREG_MEM,7
171_TREG_MEM,7
172_TREG_MEM,7
173_TREG_MEM,7
174_TREG_MEM,7
175_TREG_MEM,7
176_TREG_MEM,7
177_TREG_MEM,7
178_TREG_MEM,7
179_TREG_MEM,7
180_TREG_MEM,7
181_TREG_MEM,7
182_TREG_MEM,7
183_TREG_MEM,7
184_TREG_MEM,7
185_TREG_MEM,7
186_TREG_MEM,7
187_TREG_MEM,7
188_TREG_MEM,7
189_TREG_MEM,7
190_TREG_MEM,7
191_TREG_MEM,7
192_TREG_MEM,7
193_TREG_MEM,7
194_TREG_MEM,7
195_TREG_MEM,7
196_TREG_MEM,7
197_TREG_MEM,7
198_TREG_MEM,7
199_TREG_MEM,7
200_TREG_MEM,7
201_TREG_MEM,7
202_TREG_MEM,7
203_TREG_MEM,7
204_TREG_MEM,7
205_TREG_MEM,7
206_TREG_MEM,7
207_TREG_MEM,7
208_TREG_MEM,7
209_TREG_MEM,7
210_TREG_MEM,7
211_TREG_MEM,7
212_TREG_MEM,7
213_TREG_MEM,7
214_TREG_MEM,7
215_TREG_MEM,7
216_TREG_MEM,7
217_TREG_MEM,7
218_TREG_MEM,7
219_TREG_MEM,7
220_TREG_MEM,7
221_TREG_MEM,7
222_TREG_MEM,7
223_TREG_MEM,7
224_TREG_MEM,7
225_TREG_MEM,7
226_TREG_MEM,7
227_TREG_MEM,7
228_TREG_MEM,7
229_TREG_MEM,7
230_TREG_MEM,7
231_TREG_MEM,7
232_TREG_MEM,7
233_TREG_MEM,7
234_TREG_MEM,7
235_TREG_MEM,7
236_TREG_MEM,7
237_TREG_MEM,7
238_TREG_MEM,7
239_TREG_MEM,7
240_TREG_MEM,7
241_TREG_MEM,7
242_TREG_MEM,7
243_TREG_MEM,7
244_TREG_MEM,7
245_TREG_MEM,7
246_TREG_MEM,7
247_TREG_MEM,7
248_TREG_MEM,7
249_TREG_MEM,7
0_TH1,0
1_TH1,0
2_TH1,0
3_TH1,0
4_TH1,0
5_TH1,0
6_TH1,0
7_TH1,0
8_TH1,0
9_TH1,0
10_TH1,11
11_TH1,0
12_TH1,0
13_TH1,0
14_TH1,0
15_TH1,0
16_TH1,0
17_TH1,0
18_TH1,0
19_TH1,0
20_TH1,0
21_TH1,0
22_TH1,0
23_TH1,0
24_TH1,0
25_TH1,0
26_TH1,0
27_TH1,12
28_TH1,0
29_TH1,0
30_TH1,0
31_TH1,0
32_TH1,0
33_TH1,0
34_TH1,0
35_TH1,0
36_TH1,0
37_TH1,0
38_TH1,0
39_TH1,0
40_TH1,0
41_TH1,0
42_TH1,0
43_TH1,0
44_TH1,0
45_TH1,0
46_TH1,0
47_TH1,0
48_TH1,0
49_TH1,0
50_TH1,0
51_TH1,0
52_TH1,0
53_TH1,0
54_TH1,0
55_TH1,0
56_TH1,0
57_TH1,0
58_TH1,0
59_TH1,0
60_TH1,0
61_TH1,0
62_TH1,0
63_TH1,0
64_TH1,0
65_TH1,0
66_TH1,0
67_TH1,0
68_TH1,0
69_TH1,0
70_TH1,0
71_TH1,0
72_TH1,0
73_TH1,0
74_TH1,0
75_TH1,0
76_TH1,0
77_TH1,0
78_TH1,0
79_TH1,0
80_TH1,0
81_TH1,0
82_TH1,0
83_TH1,0
84_TH1,0
85_TH1,0
86_TH1,0
87_TH1,0
88_TH1,0
89_TH1,0
90_TH1,0
91_TH1,0
92_TH1,0
93_TH1,0
94_TH1,0
95_TH1,0
96_TH1,0
97_TH1,0
98_TH1,0
99_TH1,0
100_TH1,0
101_TH1,0
102_TH1,0
103_TH1,0
104_TH1,0
105_TH1,0
106_TH1,0
107_TH1,0
108_TH1,0
109_TH1,0
110_TH1,0
111_TH1,0
112_TH1,0
113_TH1,0
114_TH1,0
115_TH1,0
116_TH1,0
117_TH1,0
118_TH1,0
119_TH1,0
120_TH1,0
121_TH1,0
122_TH1,0
123_TH1,0
124_TH1,0
125_TH1,0
126_TH1,0
127_TH1,0
128_TH1,11
129_TH1,0
130_TH1,0
131_TH1,0
132_TH1,0
133_TH1,0
134_TH1,0
135_TH1,0
136_TH1,0
137_TH1,0
138_TH1,0
139_TH1,0
140_TH1,0
141_TH1,0
142_TH1,0
143_TH1,0
144_TH1,0
145_TH1,0
146_TH1,0
147_TH1,0
148_TH1,0
149_TH1,0
150_TH1,0
151_TH1,0
152_TH1,0
153_TH1,0
154_TH1,0
155_TH1,0
156_TH1,0
157_TH1,0
158_TH1,0
159_TH1,0
160_TH1,0
161_TH1,0
162_TH1,0
163_TH1,0
164_TH1,0
165_TH1,0
166_TH1,0
167_TH1,0
168_TH1,0
169_TH1,0
170_TH1,0
171_TH1,0
172_TH1,0
173_TH1,0
174_TH1,0
175_TH1,0
176_TH1,0
177_TH1,0
178_TH1,0
179_TH1,0
180_TH1,0
181_TH1,0
182_TH1,0
183_TH1,0
184_TH1,0
185_TH1,0
186_TH1,0
187_TH1,0
188_TH1,0
189_TH1,0
190_TH1,0
191_TH1,0
192_TH1,0
193_TH1,0
194_TH1,0
195_TH1,0
196_TH1,0
197_TH1,0
198_TH1,0
199_TH1,0
200_TH1,0
201_TH1,0
202_TH1,0
203_TH1,0
204_TH1,0
205_TH1,0
206_TH1,0
207_TH1,0
208_TH1,0
209_TH1,0
210_TH1,0
211_TH1,0
212_TH1,0
213_TH1,0
214_TH1,0
215_TH1,0
216_TH1,0
217_TH1,0
218_TH1,0
219_TH1,0
220_TH1,0
221_TH1,0
222_TH1,0
223_TH1,0
224_TH1,0
225_TH1,12
226_TH1,0
227_TH1,0
228_TH1,0
229_TH1,0
230_TH1,0
231_TH1,0
232_TH1,0
233_TH1,0
234_TH1,0
235_TH1,0
236_TH1,0
237_TH1,0
238_TH1,0
239_TH1,0
240_TH1,0
241_TH1,0
242_TH1,0
243_TH1,0
244_TH1,0
245_TH1,0
246_TH1,0
247_TH1,0
248_TH1,0
249_TH1,0
0_THSTAR,11
1_THSTAR,11
2_THSTAR,11
3_THSTAR,11
4_THSTAR,11
5_THSTAR,11
6_THSTAR,11
7_THSTAR,11
8_THSTAR,11
9_THSTAR,11
10_THSTAR,11
11_THSTAR,11
12_THSTAR,11
13_THSTAR,11
14_THSTAR,11
15_THSTAR,11
16_THSTAR,11
17_THSTAR,11
18_THSTAR,11
19_THSTAR,11
20_THSTAR,11
21_THSTAR,11
22_THSTAR,11
23_THSTAR,11
24_THSTAR,11
25_THSTAR,11
26_THSTAR,11
27_THSTAR,11
28_THSTAR,11
29_THSTAR,11
30_THSTAR,11
31_THSTAR,11
32_THSTAR,11
33_THSTAR,11
34_THSTAR,11
35_THSTAR,11
36_THSTAR,11
37_THSTAR,11
38_THSTAR,11
39_THSTAR,11
40_THSTAR,11
41_THSTAR,11
42_THSTAR,12
43_THSTAR,11
44_THSTAR,11
45_THSTAR,11
46_THSTAR,11
47_THSTAR,11
48_THSTAR,11
49_THSTAR,11
50_THSTAR,11
51_THSTAR,11
52_THSTAR,11
53_THSTAR,11
54_THSTAR,11
55_THSTAR,11
56_THSTAR,11
57_THSTAR,11
58_THSTAR,11
59_THSTAR,11
60_THSTAR,11
61_THSTAR,11
62_THSTAR,11
63_THSTAR,11
64_THSTAR,11
65_THSTAR,11
66_THSTAR,11
67_THSTAR,11
68_THSTAR,11
69_THSTAR,11
70_THSTAR,11
71_THSTAR,11
72_THSTAR,11
73_THSTAR,11
74_THSTAR,11
75_THSTAR,11
76_THSTAR,11
77_THSTAR,11
78_THSTAR,11
79_THSTAR,11
80_THSTAR,11
81_THSTAR,11
82_THSTAR,11
83_THSTAR,11
84_THSTAR,11
85_THSTAR,11
86_THSTAR,11
87_THSTAR,11
88_THSTAR,11
89_THSTAR,11
90_THSTAR,11
91_THSTAR,11
92_THSTAR,11
93_THSTAR,11
94_THSTAR,11
95_THSTAR,12
96_THSTAR,11
97_THSTAR,11
98_THSTAR,11
99_THSTAR,11
100_THSTAR,11
101_THSTAR,11
102_THSTAR,11
103_THSTAR,11
104_THSTAR,11
105_THSTAR,11
106_THSTAR,11
107_THSTAR,11
108_THSTAR,11
109_THSTAR,11
110_THSTAR,11
111_THSTAR,11
112_THSTAR,11
113_THSTAR,11
114_THSTAR,11
115_THSTAR,11
116_THSTAR,11
117_THSTAR,11
118_THSTAR,11
119_THSTAR,11
120_THSTAR,11
121_THSTAR,11
122_THSTAR,11
123_THSTAR,11
124_THSTAR,11
125_THSTAR,11
126_THSTAR,12
127_THSTAR,11
128_THSTAR,11
129_THSTAR,11
130_THSTAR,11
131_THSTAR,11
132_THSTAR,11
133_THSTAR,11
134_THSTAR,11
135_THSTAR,11
136_THSTAR,11
137_THSTAR,11
138_THSTAR,11
139_THSTAR,11
140_THSTAR,11
141_THSTAR,11
142_THSTAR,11
143_THSTAR,11
144_THSTAR,11
145_THSTAR,11
146_THSTAR,11
147_THSTAR,11
148_THSTAR,11
149_THSTAR,11
150_THSTAR,11
151_THSTAR,11
152_THSTAR,11
153_THSTAR,11
154_THSTAR,11
155_THSTAR,11
156_THSTAR,11
157_THSTAR,11
158_THSTAR,11
159_THSTAR,11
160_THSTAR,11
161_THSTAR,11
162_THSTAR,11
163_THSTAR,11
164_THSTAR,11
165_THSTAR,11
166_THSTAR,11
167_THSTAR,11
168_THSTAR,11
169_THSTAR,11
170_THSTAR,11
171_THSTAR,11
172_THSTAR,11
173_THSTAR,11
174_THSTAR,11
175_THSTAR,11
176_THSTAR,11
177_THSTAR,11
178_THSTAR,11
179_THSTAR,11
180_THSTAR,11
181_THSTAR,11
182_THSTAR,11
183_THSTAR,11
184_THSTAR,11
185_THSTAR,11
186_THSTAR,11
187_THSTAR,12
188_THSTAR,11
189_THSTAR,11
190_THSTAR,11
191_THSTAR,11
192_THSTAR,11
193_THSTAR,11
194_THSTAR,11
195_THSTAR,11
196_THSTAR,11
197_THSTAR,11
198_THSTAR,11
199_THSTAR,11
200_THSTAR,11
201_THSTAR,11
202_THSTAR,11
203_THSTAR,11
204_THSTAR,11
205_THSTAR,11
206_THSTAR,11
207_THSTAR,11
208_THSTAR,11
209_THSTAR,11
210_THSTAR,11
211_THSTAR,11
212_THSTAR,11
213_THSTAR,11
214_THSTAR,11
215_THSTAR,11
216_THSTAR,12
217_THSTAR,0
218_THSTAR,11
219_THSTAR,11
220_THSTAR,11
221_THSTAR,11
222_THSTAR,11
223_THSTAR,11
224_THSTAR,11
225_THSTAR,11
226_THSTAR,11
227_THSTAR,11
228_THSTAR,11
229_THSTAR,11
230_THSTAR,11
231_THSTAR,11
232_THSTAR,11
233_THSTAR,12
234_THSTAR,11
235_THSTAR,12
236_THSTAR,11
237_THSTAR,11
238_THSTAR,11
239_THSTAR,11
240_THSTAR,11
241_THSTAR,11
242_THSTAR,11
243_THSTAR,11
244_THSTAR,11
245_THSTAR,11
246_THSTAR,11
247_THSTAR,11
248_THSTAR,11
249_THSTAR,11
0_MONOCYTES,5
1_MONOCYTES,5
2_MONOCYTES,5
3_MONOCYTES,5
4_MONOCYTES,5
5_MONOCYTES,5
6_MONOCYTES,5
7_MONOCYTES,5
8_MONOCYTES,5
9_MONOCYTES,5
10_MONOCYTES,5
11_MONOCYTES,5
12_MONOCYTES,5
13_MONOCYTES,5
14_MONOCYTES,5
15_MONOCYTES,5
16_MONOCYTES,5
17_MONOCYTES,5
18_MONOCYTES,5
19_MONOCYTES,5
20_MONOCYTES,5
21_MONOCYTES,5
22_MONOCYTES,5
23_MONOCYTES,5
24_MONOCYTES,5
25_MONOCYTES,5
26_MONOCYTES,5
27_MONOCYTES,5
28_MONOCYTES,5
29_MONOCYTES,5
30_MONOCYTES,5
31_MONOCYTES,5
32_MONOCYTES,5
33_MONOCYTES,5
34_MONOCYTES,5
35_MONOCYTES,5
36_MONOCYTES,5
37_MONOCYTES,5
38_MONOCYTES,5
39_MONOCYTES,5
40_MONOCYTES,5
41_MONOCYTES,5
42_MONOCYTES,5
43_MONOCYTES,5
44_MONOCYTES,5
45_MONOCYTES,5
46_MONOCYTES,5
47_MONOCYTES,5
48_MONOCYTES,5
49_MONOCYTES,5
50_MONOCYTES,5
51_MONOCYTES,5
52_MONOCYTES,5
53_MONOCYTES,5
54_MONOCYTES,5
55_MONOCYTES,5
56_MONOCYTES,5
57_MONOCYTES,5
58_MONOCYTES,5
59_MONOCYTES,5
60_MONOCYTES,5
61_MONOCYTES,5
62_MONOCYTES,5
63_MONOCYTES,5
64_MONOCYTES,5
65_MONOCYTES,5
66_MONOCYTES,5
67_MONOCYTES,5
68_MONOCYTES,5
69_MONOCYTES,5
70_MONOCYTES,5
71_MONOCYTES,5
72_MONOCYTES,5
73_MONOCYTES,5
74_MONOCYTES,5
75_MONOCYTES,5
76_MONOCYTES,5
77_MONOCYTES,5
78_MONOCYTES,5
79_MONOCYTES,5
80_MONOCYTES,5
81_MONOCYTES,5
82_MONOCYTES,5
83_MONOCYTES,5
84_MONOCYTES,5
85_MONOCYTES,5
86_MONOCYTES,5
87_MONOCYTES,5
88_MONOCYTES,5
89_MONOCYTES,5
90_MONOCYTES,5
91_MONOCYTES,5
92_MONOCYTES,5
93_MONOCYTES,5
94_MONOCYTES,5
95_MONOCYTES,5
96_MONOCYTES,5
97_MONOCYTES,5
98_MONOCYTES,5
99_MONOCYTES,5
100_MONOCYTES,5
101_MONOCYTES,5
102_MONOCYTES,5
103_MONOCYTES,5
104_MONOCYTES,5
105_MONOCYTES,5
106_MONOCYTES,5
107_MONOCYTES,5
108_MONOCYTES,5
109_MONOCYTES,5
110_MONOCYTES,5
111_MONOCYTES,5
112_MONOCYTES,5
113_MONOCYTES,5
114_MONOCYTES,5
115_MONOCYTES,5
116_MONOCYTES,5
117_MONOCYTES,5
118_MONOCYTES,5
119_MONOCYTES,5
120_MONOCYTES,5
121_MONOCYTES,5
122_MONOCYTES,5
123_MONOCYTES,5
124_MONOCYTES,5
125_MONOCYTES,5
126_MONOCYTES,5
127_MONOCYTES,5
128_MONOCYTES,5
129_MONOCYTES,5
130_MONOCYTES,5
131_MONOCYTES,5
132_MONOCYTES,5
133_MONOCYTES,5
134_MONOCYTES,5
135_MONOCYTES,5
136_MONOCYTES,5
137_MONOCYTES,5
138_MONOCYTES,5
139_MONOCYTES,5
140_MONOCYTES,5
141_MONOCYTES,5
142_MONOCYTES,5
143_MONOCYTES,5
144_MONOCYTES,5
145_MONOCYTES,5
146_MONOCYTES,5
147_MONOCYTES,5
148_MONOCYTES,5
149_MONOCYTES,5
150_MONOCYTES,5
151_MONOCYTES,5
152_MONOCYTES,5
153_MONOCYTES,5
154_MONOCYTES,5
155_MONOCYTES,5
156_MONOCYTES,5
157_MONOCYTES,5
158_MONOCYTES,5
159_MONOCYTES,5
160_MONOCYTES,5
161_MONOCYTES,5
162_MONOCYTES,5
163_MONOCYTES,5
164_MONOCYTES,5
165_MONOCYTES,5
166_MONOCYTES,5
167_MONOCYTES,5
168_MONOCYTES,5
169_MONOCYTES,5
170_MONOCYTES,5
171_MONOCYTES,5
172_MONOCYTES,5
173_MONOCYTES,5
174_MONOCYTES,5
175_MONOCYTES,5
176_MONOCYTES,5
177_MONOCYTES,5
178_MONOCYTES,5
179_MONOCYTES,5
180_MONOCYTES,5
181_MONOCYTES,5
182_MONOCYTES,5
183_MONOCYTES,5
184_MONOCYTES,5
185_MONOCYTES,5
186_MONOCYTES,5
187_MONOCYTES,5
188_MONOCYTES,5
189_MONOCYTES,5
190_MONOCYTES,5
191_MONOCYTES,5
192_MONOCYTES,5
193_MONOCYTES,5
194_MONOCYTES,5
195_MONOCYTES,5
196_MONOCYTES,5
197_MONOCYTES,5
198_MONOCYTES,5
199_MONOCYTES,5
200_MONOCYTES,5
201_MONOCYTES,5
202_MONOCYTES,5
203_MONOCYTES,5
204_MONOCYTES,5
205_MONOCYTES,5
206_MONOCYTES,5
207_MONOCYTES,5
208_MONOCYTES,5
209_MONOCYTES,5
210_MONOCYTES,5
211_MONOCYTES,5
212_MONOCYTES,5
213_MONOCYTES,5
214_MONOCYTES,5
215_MONOCYTES,5
216_MONOCYTES,5
217_MONOCYTES,5
218_MONOCYTES,5
219_MONOCYTES,5
220_MONOCYTES,5
221_MONOCYTES,5
222_MONOCYTES,5
223_MONOCYTES,5
224_MONOCYTES,5
225_MONOCYTES,5
226_MONOCYTES,5
227_MONOCYTES,5
228_MONOCYTES,5
229_MONOCYTES,5
230_MONOCYTES,5
231_MONOCYTES,5
232_MONOCYTES,5
233_MONOCYTES,5
234_MONOCYTES,5
235_MONOCYTES,5
236_MONOCYTES,5
237_MONOCYTES,5
238_MONOCYTES,5
239_MONOCYTES,5
240_MONOCYTES,5
241_MONOCYTES,5
242_MONOCYTES,5
243_MONOCYTES,5
244_MONOCYTES,5
245_MONOCYTES,5
246_MONOCYTES,5
247_MONOCYTES,5
248_MONOCYTES,5
249_MONOCYTES,5
0_TFH,1
1_TFH,1
2_TFH,1
3_TFH,1
4_TFH,1
5_TFH,1
6_TFH,1
7_TFH,1
8_TFH,1
9_TFH,1
10_TFH,1
11_TFH,1
12_TFH,1
13_TFH,1
14_TFH,1
15_TFH,1
16_TFH,1
17_TFH,1
18_TFH,1
19_TFH,1
20_TFH,1
21_TFH,1
22_TFH,1
23_TFH,1
24_TFH,1
25_TFH,1
26_TFH,1
27_TFH,1
28_TFH,1
29_TFH,1
30_TFH,1
31_TFH,1
32_TFH,1
33_TFH,1
34_TFH,1
35_TFH,1
36_TFH,1
37_TFH,1
38_TFH,1
39_TFH,1
40_TFH,1
41_TFH,1
42_TFH,1
43_TFH,1
44_TFH,1
45_TFH,1
46_TFH,1
47_TFH,1
48_TFH,1
49_TFH,1
50_TFH,1
51_TFH,1
52_TFH,1
53_TFH,1
54_TFH,1
55_TFH,1
56_TFH,1
57_TFH,1
58_TFH,1
59_TFH,1
60_TFH,1
61_TFH,1
62_TFH,1
63_TFH,1
64_TFH,1
65_TFH,1
66_TFH,1
67_TFH,1
68_TFH,1
69_TFH,1
70_TFH,1
71_TFH,1
72_TFH,1
73_TFH,1
74_TFH,1
75_TFH,1
76_TFH,1
77_TFH,1
78_TFH,1
79_TFH,1
80_TFH,1
81_TFH,1
82_TFH,1
83_TFH,1
84_TFH,1
85_TFH,1
86_TFH,1
87_TFH,1
88_TFH,1
89_TFH,1
90_TFH,1
91_TFH,1
92_TFH,1
93_TFH,1
94_TFH,1
95_TFH,1
96_TFH,1
97_TFH,1
98_TFH,1
99_TFH,1
100_TFH,1
101_TFH,1
102_TFH,1
103_TFH,1
104_TFH,1
105_TFH,1
106_TFH,1
107_TFH,1
108_TFH,1
109_TFH,1
110_TFH,1
111_TFH,1
112_TFH,1
113_TFH,1
114_TFH,1
115_TFH,1
116_TFH,1
117_TFH,1
118_TFH,1
119_TFH,1
120_TFH,1
121_TFH,1
122_TFH,1
123_TFH,1
124_TFH,1
125_TFH,1
126_TFH,1
127_TFH,1
128_TFH,1
129_TFH,1
130_TFH,1
131_TFH,1
132_TFH,1
133_TFH,1
134_TFH,1
135_TFH,1
136_TFH,1
137_TFH,1
138_TFH,1
139_TFH,1
140_TFH,1
141_TFH,1
142_TFH,1
143_TFH,1
144_TFH,1
145_TFH,1
146_TFH,1
147_TFH,1
148_TFH,1
149_TFH,1
150_TFH,1
151_TFH,1
152_TFH,1
153_TFH,1
154_TFH,1
155_TFH,1
156_TFH,1
157_TFH,1
158_TFH,1
159_TFH,1
160_TFH,1
161_TFH,1
162_TFH,1
163_TFH,1
164_TFH,1
165_TFH,1
166_TFH,1
167_TFH,1
168_TFH,1
169_TFH,1
170_TFH,1
171_TFH,1
172_TFH,1
173_TFH,1
174_TFH,1
175_TFH,1
176_TFH,1
177_TFH,1
178_TFH,1
179_TFH,1
180_TFH,1
181_TFH,1
182_TFH,1
183_TFH,1
184_TFH,1
185_TFH,1
186_TFH,1
187_TFH,1
188_TFH,1
189_TFH,1
190_TFH,1
191_TFH,1
192_TFH,1
193_TFH,1
194_TFH,1
195_TFH,1
196_TFH,1
197_TFH,1
198_TFH,1
199_TFH,1
200_TFH,1
201_TFH,1
202_TFH,1
203_TFH,1
204_TFH,1
205_TFH,1
206_TFH,1
207_TFH,1
208_TFH,1
209_TFH,1
210_TFH,1
211_TFH,1
212_TFH,1
213_TFH,1
214_TFH,1
215_TFH,1
216_TFH,1
217_TFH,1
218_TFH,1
219_TFH,1
220_TFH,1
221_TFH,1
222_TFH,1
223_TFH,1
224_TFH,1
225_TFH,1
226_TFH,1
227_TFH,1
228_TFH,1
229_TFH,1
230_TFH,1
231_TFH,1
232_TFH,1
233_TFH,1
234_TFH,1
235_TFH,1
236_TFH,1
237_TFH,1
238_TFH,1
239_TFH,1
240_TFH,1
241_TFH,1
242_TFH,1
243_TFH,1
244_TFH,1
245_TFH,1
246_TFH,1
247_TFH,1
248_TFH,1
249_TFH,1
0_TH17,0
1_TH17,0
2_TH17,0
3_TH17,0
4_TH17,0
5_TH17,0
6_TH17,0
7_TH17,0
8_TH17,0
9_TH17,0
10_TH17,0
11_TH17,0
12_TH17,0
13_TH17,0
14_TH17,12
15_TH17,0
16_TH17,0
17_TH17,0
18_TH17,0
19_TH17,0
20_TH17,0
21_TH17,0
22_TH17,0
23_TH17,0
24_TH17,0
25_TH17,0
26_TH17,0
27_TH17,0
28_TH17,0
29_TH17,0
30_TH17,12
31_TH17,0
32_TH17,0
33_TH17,0
34_TH17,0
35_TH17,0
36_TH17,0
37_TH17,0
38_TH17,0
39_TH17,0
40_TH17,0
41_TH17,0
42_TH17,0
43_TH17,0
44_TH17,0
45_TH17,0
46_TH17,0
47_TH17,0
48_TH17,0
49_TH17,0
50_TH17,0
51_TH17,0
52_TH17,0
53_TH17,0
54_TH17,0
55_TH17,0
56_TH17,0
57_TH17,0
58_TH17,0
59_TH17,0
60_TH17,0
61_TH17,0
62_TH17,0
63_TH17,0
64_TH17,0
65_TH17,0
66_TH17,0
67_TH17,0
68_TH17,0
69_TH17,0
70_TH17,0
71_TH17,12
72_TH17,0
73_TH17,0
74_TH17,0
75_TH17,0
76_TH17,0
77_TH17,0
78_TH17,0
79_TH17,0
80_TH17,0
81_TH17,0
82_TH17,0
83_TH17,0
84_TH17,0
85_TH17,0
86_TH17,0
87_TH17,0
88_TH17,0
89_TH17,0
90_TH17,0
91_TH17,0
92_TH17,0
93_TH17,0
94_TH17,0
95_TH17,0
96_TH17,0
97_TH17,0
98_TH17,0
99_TH17,0
100_TH17,0
101_TH17,0
102_TH17,0
103_TH17,0
104_TH17,0
105_TH17,0
106_TH17,0
107_TH17,0
108_TH17,0
109_TH17,0
110_TH17,0
111_TH17,0
112_TH17,0
113_TH17,0
114_TH17,0
115_TH17,0
116_TH17,0
117_TH17,0
118_TH17,0
119_TH17,0
120_TH17,0
121_TH17,0
122_TH17,0
123_TH17,0
124_TH17,0
125_TH17,0
126_TH17,0
127_TH17,0
128_TH17,0
129_TH17,0
130_TH17,0
131_TH17,0
132_TH17,0
133_TH17,0
134_TH17,0
135_TH17,0
136_TH17,0
137_TH17,0
138_TH17,0
139_TH17,0
140_TH17,0
141_TH17,0
142_TH17,0
143_TH17,0
144_TH17,0
145_TH17,0
146_TH17,0
147_TH17,0
148_TH17,0
149_TH17,0
150_TH17,0
151_TH17,0
152_TH17,0
153_TH17,0
154_TH17,0
155_TH17,0
156_TH17,0
157_TH17,0
158_TH17,0
159_TH17,0
160_TH17,0
161_TH17,0
162_TH17,0
163_TH17,0
164_TH17,0
165_TH17,0
166_TH17,0
167_TH17,0
168_TH17,0
169_TH17,0
170_TH17,0
171_TH17,0
172_TH17,0
173_TH17,0
174_TH17,0
175_TH17,0
176_TH17,0
177_TH17,0
178_TH17,0
179_TH17,0
180_TH17,0
181_TH17,0
182_TH17,0
183_TH17,0
184_TH17,0
185_TH17,0
186_TH17,0
187_TH17,0
188_TH17,0
189_TH17,0
190_TH17,0
191_TH17,0
192_TH17,0
193_TH17,0
194_TH17,0
195_TH17,0
196_TH17,0
197_TH17,0
198_TH17,0
199_TH17,0
200_TH17,0
201_TH17,0
202_TH17,0
203_TH17,0
204_TH17,0
205_TH17,0
206_TH17,0
207_TH17,0
208_TH17,0
209_TH17,0
210_TH17,0
211_TH17,0
212_TH17,0
213_TH17,0
214_TH17,0
215_TH17,0
216_TH17,0
217_TH17,0
218_TH17,0
219_TH17,0
220_TH17,0
221_TH17,0
222_TH17,0
223_TH17,0
224_TH17,0
225_TH17,0
226_TH17,0
227_TH17,0
228_TH17,0
229_TH17,0
230_TH17,0
231_TH17,0
232_TH17,0
233_TH17,0
234_TH17,0
235_TH17,0
236_TH17,0
237_TH17,0
238_TH17,0
239_TH17,0
240_TH17,0
241_TH17,0
242_TH17,0
243_TH17,0
244_TH17,0
245_TH17,0
246_TH17,0
247_TH17,0
248_TH17,0
249_TH17,0
0_TH2,10
1_TH2,10
2_TH2,10
3_TH2,10
4_TH2,10
5_TH2,10
6_TH2,10
7_TH2,10
8_TH2,10
9_TH2,10
10_TH2,10
11_TH2,1
12_TH2,10
13_TH2,10
14_TH2,10
15_TH2,10
16_TH2,10
17_TH2,10
18_TH2,10
19_TH2,10
20_TH2,10
21_TH2,10
22_TH2,10
23_TH2,10
24_TH2,10
25_TH2,10
26_TH2,10
27_TH2,10
28_TH2,10
29_TH2,10
30_TH2,10
31_TH2,10
32_TH2,10
33_TH2,10
34_TH2,10
35_TH2,10
36_TH2,10
37_TH2,10
38_TH2,10
39_TH2,10
40_TH2,10
41_TH2,10
42_TH2,10
43_TH2,10
44_TH2,10
45_TH2,10
46_TH2,2
47_TH2,10
48_TH2,10
49_TH2,10
50_TH2,10
51_TH2,10
52_TH2,10
53_TH2,10
54_TH2,10
55_TH2,10
56_TH2,10
57_TH2,10
58_TH2,10
59_TH2,10
60_TH2,10
61_TH2,10
62_TH2,10
63_TH2,10
64_TH2,10
65_TH2,10
66_TH2,10
67_TH2,10
68_TH2,10
69_TH2,10
70_TH2,10
71_TH2,10
72_TH2,10
73_TH2,10
74_TH2,10
75_TH2,10
76_TH2,10
77_TH2,10
78_TH2,10
79_TH2,10
80_TH2,10
81_TH2,10
82_TH2,10
83_TH2,10
84_TH2,10
85_TH2,10
86_TH2,10
87_TH2,10
88_TH2,10
89_TH2,10
90_TH2,10
91_TH2,10
92_TH2,10
93_TH2,10
94_TH2,10
95_TH2,10
96_TH2,10
97_TH2,10
98_TH2,10
99_TH2,10
100_TH2,10
101_TH2,10
102_TH2,10
103_TH2,10
104_TH2,10
105_TH2,10
106_TH2,10
107_TH2,10
108_TH2,10
109_TH2,10
110_TH2,10
111_TH2,10
112_TH2,10
113_TH2,10
114_TH2,10
115_TH2,10
116_TH2,10
117_TH2,10
118_TH2,10
119_TH2,10
120_TH2,10
121_TH2,10
122_TH2,10
123_TH2,10
124_TH2,10
125_TH2,10
126_TH2,10
127_TH2,10
128_TH2,10
129_TH2,10
130_TH2,10
131_TH2,10
132_TH2,10
133_TH2,10
134_TH2,10
135_TH2,10
136_TH2,10
137_TH2,10
138_TH2,10
139_TH2,10
140_TH2,10
141_TH2,10
142_TH2,10
143_TH2,10
144_TH2,10
145_TH2,10
146_TH2,10
147_TH2,10
148_TH2,10
149_TH2,10
150_TH2,10
151_TH2,10
152_TH2,10
153_TH2,10
154_TH2,10
155_TH2,10
156_TH2,10
157_TH2,10
158_TH2,10
159_TH2,10
160_TH2,10
161_TH2,10
162_TH2,10
163_TH2,1
164_TH2,10
165_TH2,10
166_TH2,10
167_TH2,10
168_TH2,10
169_TH2,10
170_TH2,10
171_TH2,10
172_TH2,10
173_TH2,10
174_TH2,10
175_TH2,10
176_TH2,10
177_TH2,10
178_TH2,10
179_TH2,10
180_TH2,10
181_TH2,10
182_TH2,10
183_TH2,10
184_TH2,10
185_TH2,10
186_TH2,10
187_TH2,10
188_TH2,10
189_TH2,10
190_TH2,10
191_TH2,10
192_TH2,10
193_TH2,10
194_TH2,10
195_TH2,10
196_TH2,10
197_TH2,10
198_TH2,10
199_TH2,10
200_TH2,10
201_TH2,10
202_TH2,10
203_TH2,10
204_TH2,10
205_TH2,10
206_TH2,10
207_TH2,10
208_TH2,10
209_TH2,10
210_TH2,10
211_TH2,10
212_TH2,10
213_TH2,10
214_TH2,10
215_TH2,10
216_TH2,10
217_TH2,10
218_TH2,10
219_TH2,10
220_TH2,10
221_TH2,10
222_TH2,10
223_TH2,10
224_TH2,10
225_TH2,10
226_TH2,10
227_TH2,10
228_TH2,10
229_TH2,10
230_TH2,10
231_TH2,10
232_TH2,10
233_TH2,1
234_TH2,10
235_TH2,10
236_TH2,10
237_TH2,10
238_TH2,10
239_TH2,10
240_TH2,10
241_TH2,10
242_TH2,10
243_TH2,10
244_TH2,10
245_TH2,10
246_TH2,10
247_TH2,10
248_TH2,10
249_TH2,10
